file_name,title,id,slug
.../0,Document #0,0,document-0
.../1,Document #1,1,document-1
.../2,Document #2,2,document-2
.../3,Document #3,3,document-3
.../4,Document #4,4,document-4
.../5,Document #5,5,document-5
.../6,Document #6,6,document-6
.../7,Document #7,7,document-7
.../8,Document #8,8,document-8
.../9,Document #9,9,document-9
.../10,Document #10,10,document-10
.../11,Document #11,11,document-11
.../12,Document #12,12,document-12
.../13,Document #13,13,document-13
.../14,Document #14,14,document-14
.../15,Document #15,15,document-15
.../16,Document #16,16,document-16
.../17,Document #17,17,document-17
.../18,Document #18,18,document-18
.../19,Document #19,19,document-19
.../20,Document #20,20,document-20
.../21,Document #21,21,document-21
.../22,Document #22,22,document-22
.../23,Document #23,23,document-23
.../24,Document #24,24,document-24
.../25,Document #25,25,document-25
.../26,Document #26,26,document-26
.../27,Document #27,27,document-27
.../28,Document #28,28,document-28
.../29,Document #29,29,document-29
.../30,Document #30,30,document-30
.../31,Document #31,31,document-31
.../32,Document #32,32,document-32
.../33,Document #33,33,document-33
.../34,Document #34,34,document-34
.../35,Document #35,35,document-35
.../36,Document #36,36,document-36
.../37,Document #37,37,document-37
.../38,Document #38,38,document-38
.../39,Document #39,39,document-39
.../40,Document #40,40,document-40
.../41,Document #41,41,document-41
.../42,Document #42,42,document-42
.../43,Document #43,43,document-43
.../44,Document #44,44,document-44
.../45,Document #45,45,document-45
.../46,Document #46,46,document-46
.../47,Document #47,47,document-47
.../48,Document #48,48,document-48
.../49,Document #49,49,document-49
.../50,Document #50,50,document-50
.../51,Document #51,51,document-51
.../52,Document #52,52,document-52
.../53,Document #53,53,document-53
.../54,Document #54,54,document-54
.../55,Document #55,55,document-55
.../56,Document #56,56,document-56
.../57,Document #57,57,document-57
.../58,Document #58,58,document-58
.../59,Document #59,59,document-59
.../60,Document #60,60,document-60
.../61,Document #61,61,document-61
.../62,Document #62,62,document-62
.../63,Document #63,63,document-63
.../64,Document #64,64,document-64
.../65,Document #65,65,document-65
.../66,Document #66,66,document-66
.../67,Document #67,67,document-67
.../68,Document #68,68,document-68
.../69,Document #69,69,document-69
.../70,Document #70,70,document-70
.../71,Document #71,71,document-71
.../72,Document #72,72,document-72
.../73,Document #73,73,document-73
.../74,Document #74,74,document-74
.../75,Document #75,75,document-75
.../76,Document #76,76,document-76
.../77,Document #77,77,document-77
.../78,Document #78,78,document-78
.../79,Document #79,79,document-79
.../80,Document #80,80,document-80
.../81,Document #81,81,document-81
.../82,Document #82,82,document-82
.../83,Document #83,83,document-83
.../84,Document #84,84,document-84
.../85,Document #85,85,document-85
.../86,Document #86,86,document-86
.../87,Document #87,87,document-87
.../88,Document #88,88,document-88
.../89,Document #89,89,document-89
.../90,Document #90,90,document-90
.../91,Document #91,91,document-91
.../92,Document #92,92,document-92
.../93,Document #93,93,document-93
.../94,Document #94,94,document-94
.../95,Document #95,95,document-95
.../96,Document #96,96,document-96
.../97,Document #97,97,document-97
.../98,Document #98,98,document-98
.../99,Document #99,99,document-99
.../100,Document #100,100,document-100
.../101,Document #101,101,document-101
.../102,Document #102,102,document-102
.../103,Document #103,103,document-103
.../104,Document #104,104,document-104
.../105,Document #105,105,document-105
.../106,Document #106,106,document-106
.../107,Document #107,107,document-107
.../108,Document #108,108,document-108
.../109,Document #109,109,document-109
.../110,Document #110,110,document-110
.../111,Document #111,111,document-111
.../112,Document #112,112,document-112
.../113,Document #113,113,document-113
.../114,Document #114,114,document-114
.../115,Document #115,115,document-115
.../116,Document #116,116,document-116
.../117,Document #117,117,document-117
.../118,Document #118,118,document-118
.../119,Document #119,119,document-119
.../120,Document #120,120,document-120
.../121,Document #121,121,document-121
.../122,Document #122,122,document-122
.../123,Document #123,123,document-123
.../124,Document #124,124,document-124
.../125,Document #125,125,document-125
.../126,Document #126,126,document-126
.../127,Document #127,127,document-127
.../128,Document #128,128,document-128
.../129,Document #129,129,document-129
.../130,Document #130,130,document-130
.../131,Document #131,131,document-131
.../132,Document #132,132,document-132
.../133,Document #133,133,document-133
.../134,Document #134,134,document-134
.../135,Document #135,135,document-135
.../136,Document #136,136,document-136
.../137,Document #137,137,document-137
.../138,Document #138,138,document-138
.../139,Document #139,139,document-139
.../140,Document #140,140,document-140
.../141,Document #141,141,document-141
.../142,Document #142,142,document-142
.../143,Document #143,143,document-143
.../144,Document #144,144,document-144
.../145,Document #145,145,document-145
.../146,Document #146,146,document-146
.../147,Document #147,147,document-147
.../148,Document #148,148,document-148
.../149,Document #149,149,document-149
.../150,Document #150,150,document-150
.../151,Document #151,151,document-151
.../152,Document #152,152,document-152
.../153,Document #153,153,document-153
.../154,Document #154,154,document-154
.../155,Document #155,155,document-155
.../156,Document #156,156,document-156
.../157,Document #157,157,document-157
.../158,Document #158,158,document-158
.../159,Document #159,159,document-159
.../160,Document #160,160,document-160
.../161,Document #161,161,document-161
.../162,Document #162,162,document-162
.../163,Document #163,163,document-163
.../164,Document #164,164,document-164
.../165,Document #165,165,document-165
.../166,Document #166,166,document-166
.../167,Document #167,167,document-167
.../168,Document #168,168,document-168
.../169,Document #169,169,document-169
.../170,Document #170,170,document-170
.../171,Document #171,171,document-171
.../172,Document #172,172,document-172
.../173,Document #173,173,document-173
.../174,Document #174,174,document-174
.../175,Document #175,175,document-175
.../176,Document #176,176,document-176
.../177,Document #177,177,document-177
.../178,Document #178,178,document-178
.../179,Document #179,179,document-179
.../180,Document #180,180,document-180
.../181,Document #181,181,document-181
.../182,Document #182,182,document-182
.../183,Document #183,183,document-183
.../184,Document #184,184,document-184
.../185,Document #185,185,document-185
.../186,Document #186,186,document-186
.../187,Document #187,187,document-187
.../188,Document #188,188,document-188
.../189,Document #189,189,document-189
.../190,Document #190,190,document-190
.../191,Document #191,191,document-191
.../192,Document #192,192,document-192
.../193,Document #193,193,document-193
.../194,Document #194,194,document-194
.../195,Document #195,195,document-195
.../196,Document #196,196,document-196
.../197,Document #197,197,document-197
.../198,Document #198,198,document-198
.../199,Document #199,199,document-199
.../200,Document #200,200,document-200
.../201,Document #201,201,document-201
.../202,Document #202,202,document-202
.../203,Document #203,203,document-203
.../204,Document #204,204,document-204
.../205,Document #205,205,document-205
.../206,Document #206,206,document-206
.../207,Document #207,207,document-207
.../208,Document #208,208,document-208
.../209,Document #209,209,document-209
.../210,Document #210,210,document-210
.../211,Document #211,211,document-211
.../212,Document #212,212,document-212
.../213,Document #213,213,document-213
.../214,Document #214,214,document-214
.../215,Document #215,215,document-215
.../216,Document #216,216,document-216
.../217,Document #217,217,document-217
.../218,Document #218,218,document-218
.../219,Document #219,219,document-219
.../220,Document #220,220,document-220
.../221,Document #221,221,document-221
.../222,Document #222,222,document-222
.../223,Document #223,223,document-223
.../224,Document #224,224,document-224
.../225,Document #225,225,document-225
.../226,Document #226,226,document-226
.../227,Document #227,227,document-227
.../228,Document #228,228,document-228
.../229,Document #229,229,document-229
.../230,Document #230,230,document-230
.../231,Document #231,231,document-231
.../232,Document #232,232,document-232
.../233,Document #233,233,document-233
.../234,Document #234,234,document-234
.../235,Document #235,235,document-235
.../236,Document #236,236,document-236
.../237,Document #237,237,document-237
.../238,Document #238,238,document-238
.../239,Document #239,239,document-239
.../240,Document #240,240,document-240
.../241,Document #241,241,document-241
.../242,Document #242,242,document-242
.../243,Document #243,243,document-243
.../244,Document #244,244,document-244
.../245,Document #245,245,document-245
.../246,Document #246,246,document-246
.../247,Document #247,247,document-247
.../248,Document #248,248,document-248
.../249,Document #249,249,document-249
.../250,Document #250,250,document-250
.../251,Document #251,251,document-251
.../252,Document #252,252,document-252
.../253,Document #253,253,document-253
.../254,Document #254,254,document-254
.../255,Document #255,255,document-255
.../256,Document #256,256,document-256
.../257,Document #257,257,document-257
.../258,Document #258,258,document-258
.../259,Document #259,259,document-259
.../260,Document #260,260,document-260
.../261,Document #261,261,document-261
.../262,Document #262,262,document-262
.../263,Document #263,263,document-263
.../264,Document #264,264,document-264
.../265,Document #265,265,document-265
.../266,Document #266,266,document-266
.../267,Document #267,267,document-267
.../268,Document #268,268,document-268
.../269,Document #269,269,document-269
.../270,Document #270,270,document-270
.../271,Document #271,271,document-271
.../272,Document #272,272,document-272
.../273,Document #273,273,document-273
.../274,Document #274,274,document-274
.../275,Document #275,275,document-275
.../276,Document #276,276,document-276
.../277,Document #277,277,document-277
.../278,Document #278,278,document-278
.../279,Document #279,279,document-279
.../280,Document #280,280,document-280
.../281,Document #281,281,document-281
.../282,Document #282,282,document-282
.../283,Document #283,283,document-283
.../284,Document #284,284,document-284
.../285,Document #285,285,document-285
.../286,Document #286,286,document-286
.../287,Document #287,287,document-287
.../288,Document #288,288,document-288
.../289,Document #289,289,document-289
.../290,Document #290,290,document-290
.../291,Document #291,291,document-291
.../292,Document #292,292,document-292
.../293,Document #293,293,document-293
.../294,Document #294,294,document-294
.../295,Document #295,295,document-295
.../296,Document #296,296,document-296
.../297,Document #297,297,document-297
.../298,Document #298,298,document-298
.../299,Document #299,299,document-299
.../300,Document #300,300,document-300
.../301,Document #301,301,document-301
.../302,Document #302,302,document-302
.../303,Document #303,303,document-303
.../304,Document #304,304,document-304
.../305,Document #305,305,document-305
.../306,Document #306,306,document-306
.../307,Document #307,307,document-307
.../308,Document #308,308,document-308
.../309,Document #309,309,document-309
.../310,Document #310,310,document-310
.../311,Document #311,311,document-311
.../312,Document #312,312,document-312
.../313,Document #313,313,document-313
.../314,Document #314,314,document-314
.../315,Document #315,315,document-315
.../316,Document #316,316,document-316
.../317,Document #317,317,document-317
.../318,Document #318,318,document-318
.../319,Document #319,319,document-319
.../320,Document #320,320,document-320
.../321,Document #321,321,document-321
.../322,Document #322,322,document-322
.../323,Document #323,323,document-323
.../324,Document #324,324,document-324
.../325,Document #325,325,document-325
.../326,Document #326,326,document-326
.../327,Document #327,327,document-327
.../328,Document #328,328,document-328
.../329,Document #329,329,document-329
.../330,Document #330,330,document-330
.../331,Document #331,331,document-331
.../332,Document #332,332,document-332
.../333,Document #333,333,document-333
.../334,Document #334,334,document-334
.../335,Document #335,335,document-335
.../336,Document #336,336,document-336
.../337,Document #337,337,document-337
.../338,Document #338,338,document-338
.../339,Document #339,339,document-339
.../340,Document #340,340,document-340
.../341,Document #341,341,document-341
.../342,Document #342,342,document-342
.../343,Document #343,343,document-343
.../344,Document #344,344,document-344
.../345,Document #345,345,document-345
.../346,Document #346,346,document-346
.../347,Document #347,347,document-347
.../348,Document #348,348,document-348
.../349,Document #349,349,document-349
.../350,Document #350,350,document-350
.../351,Document #351,351,document-351
.../352,Document #352,352,document-352
.../353,Document #353,353,document-353
.../354,Document #354,354,document-354
.../355,Document #355,355,document-355
.../356,Document #356,356,document-356
.../357,Document #357,357,document-357
.../358,Document #358,358,document-358
.../359,Document #359,359,document-359
.../360,Document #360,360,document-360
.../361,Document #361,361,document-361
.../362,Document #362,362,document-362
.../363,Document #363,363,document-363
.../364,Document #364,364,document-364
.../365,Document #365,365,document-365
.../366,Document #366,366,document-366
.../367,Document #367,367,document-367
.../368,Document #368,368,document-368
.../369,Document #369,369,document-369
.../370,Document #370,370,document-370
.../371,Document #371,371,document-371
.../372,Document #372,372,document-372
.../373,Document #373,373,document-373
.../374,Document #374,374,document-374
.../375,Document #375,375,document-375
.../376,Document #376,376,document-376
.../377,Document #377,377,document-377
.../378,Document #378,378,document-378
.../379,Document #379,379,document-379
.../380,Document #380,380,document-380
.../381,Document #381,381,document-381
.../382,Document #382,382,document-382
.../383,Document #383,383,document-383
.../384,Document #384,384,document-384
.../385,Document #385,385,document-385
.../386,Document #386,386,document-386
.../387,Document #387,387,document-387
.../388,Document #388,388,document-388
.../389,Document #389,389,document-389
.../390,Document #390,390,document-390
.../391,Document #391,391,document-391
.../392,Document #392,392,document-392
.../393,Document #393,393,document-393
.../394,Document #394,394,document-394
.../395,Document #395,395,document-395
.../396,Document #396,396,document-396
.../397,Document #397,397,document-397
.../398,Document #398,398,document-398
.../399,Document #399,399,document-399
.../400,Document #400,400,document-400
.../401,Document #401,401,document-401
.../402,Document #402,402,document-402
.../403,Document #403,403,document-403
.../404,Document #404,404,document-404
.../405,Document #405,405,document-405
.../406,Document #406,406,document-406
.../407,Document #407,407,document-407
.../408,Document #408,408,document-408
.../409,Document #409,409,document-409
.../410,Document #410,410,document-410
.../411,Document #411,411,document-411
.../412,Document #412,412,document-412
.../413,Document #413,413,document-413
.../414,Document #414,414,document-414
.../415,Document #415,415,document-415
.../416,Document #416,416,document-416
.../417,Document #417,417,document-417
.../418,Document #418,418,document-418
.../419,Document #419,419,document-419
.../420,Document #420,420,document-420
.../421,Document #421,421,document-421
.../422,Document #422,422,document-422
.../423,Document #423,423,document-423
.../424,Document #424,424,document-424
.../425,Document #425,425,document-425
.../426,Document #426,426,document-426
.../427,Document #427,427,document-427
.../428,Document #428,428,document-428
.../429,Document #429,429,document-429
.../430,Document #430,430,document-430
.../431,Document #431,431,document-431
.../432,Document #432,432,document-432
.../433,Document #433,433,document-433
.../434,Document #434,434,document-434
.../435,Document #435,435,document-435
.../436,Document #436,436,document-436
.../437,Document #437,437,document-437
.../438,Document #438,438,document-438
.../439,Document #439,439,document-439
.../440,Document #440,440,document-440
.../441,Document #441,441,document-441
.../442,Document #442,442,document-442
.../443,Document #443,443,document-443
.../444,Document #444,444,document-444
.../445,Document #445,445,document-445
.../446,Document #446,446,document-446
.../447,Document #447,447,document-447
.../448,Document #448,448,document-448
.../449,Document #449,449,document-449
.../450,Document #450,450,document-450
.../451,Document #451,451,document-451
.../452,Document #452,452,document-452
.../453,Document #453,453,document-453
.../454,Document #454,454,document-454
.../455,Document #455,455,document-455
.../456,Document #456,456,document-456
.../457,Document #457,457,document-457
.../458,Document #458,458,document-458
.../459,Document #459,459,document-459
.../460,Document #460,460,document-460
.../461,Document #461,461,document-461
.../462,Document #462,462,document-462
.../463,Document #463,463,document-463
.../464,Document #464,464,document-464
.../465,Document #465,465,document-465
.../466,Document #466,466,document-466
.../467,Document #467,467,document-467
.../468,Document #468,468,document-468
.../469,Document #469,469,document-469
.../470,Document #470,470,document-470
.../471,Document #471,471,document-471
.../472,Document #472,472,document-472
.../473,Document #473,473,document-473
.../474,Document #474,474,document-474
.../475,Document #475,475,document-475
.../476,Document #476,476,document-476
.../477,Document #477,477,document-477
.../478,Document #478,478,document-478
.../479,Document #479,479,document-479
.../480,Document #480,480,document-480
.../481,Document #481,481,document-481
.../482,Document #482,482,document-482
.../483,Document #483,483,document-483
.../484,Document #484,484,document-484
.../485,Document #485,485,document-485
.../486,Document #486,486,document-486
.../487,Document #487,487,document-487
.../488,Document #488,488,document-488
.../489,Document #489,489,document-489
.../490,Document #490,490,document-490
.../491,Document #491,491,document-491
.../492,Document #492,492,document-492
.../493,Document #493,493,document-493
.../494,Document #494,494,document-494
.../495,Document #495,495,document-495
.../496,Document #496,496,document-496
.../497,Document #497,497,document-497
.../498,Document #498,498,document-498
.../499,Document #499,499,document-499
.../500,Document #500,500,document-500
.../501,Document #501,501,document-501
.../502,Document #502,502,document-502
.../503,Document #503,503,document-503
.../504,Document #504,504,document-504
.../505,Document #505,505,document-505
.../506,Document #506,506,document-506
.../507,Document #507,507,document-507
.../508,Document #508,508,document-508
.../509,Document #509,509,document-509
.../510,Document #510,510,document-510
.../511,Document #511,511,document-511
.../512,Document #512,512,document-512
.../513,Document #513,513,document-513
.../514,Document #514,514,document-514
.../515,Document #515,515,document-515
.../516,Document #516,516,document-516
.../517,Document #517,517,document-517
.../518,Document #518,518,document-518
.../519,Document #519,519,document-519
.../520,Document #520,520,document-520
.../521,Document #521,521,document-521
.../522,Document #522,522,document-522
.../523,Document #523,523,document-523
.../524,Document #524,524,document-524
.../525,Document #525,525,document-525
.../526,Document #526,526,document-526
.../527,Document #527,527,document-527
.../528,Document #528,528,document-528
.../529,Document #529,529,document-529
.../530,Document #530,530,document-530
.../531,Document #531,531,document-531
.../532,Document #532,532,document-532
.../533,Document #533,533,document-533
.../534,Document #534,534,document-534
.../535,Document #535,535,document-535
.../536,Document #536,536,document-536
.../537,Document #537,537,document-537
.../538,Document #538,538,document-538
.../539,Document #539,539,document-539
.../540,Document #540,540,document-540
.../541,Document #541,541,document-541
.../542,Document #542,542,document-542
.../543,Document #543,543,document-543
.../544,Document #544,544,document-544
.../545,Document #545,545,document-545
.../546,Document #546,546,document-546
.../547,Document #547,547,document-547
.../548,Document #548,548,document-548
.../549,Document #549,549,document-549
.../550,Document #550,550,document-550
.../551,Document #551,551,document-551
.../552,Document #552,552,document-552
.../553,Document #553,553,document-553
.../554,Document #554,554,document-554
.../555,Document #555,555,document-555
.../556,Document #556,556,document-556
.../557,Document #557,557,document-557
.../558,Document #558,558,document-558
.../559,Document #559,559,document-559
.../560,Document #560,560,document-560
.../561,Document #561,561,document-561
.../562,Document #562,562,document-562
.../563,Document #563,563,document-563
.../564,Document #564,564,document-564
.../565,Document #565,565,document-565
.../566,Document #566,566,document-566
.../567,Document #567,567,document-567
.../568,Document #568,568,document-568
.../569,Document #569,569,document-569
.../570,Document #570,570,document-570
.../571,Document #571,571,document-571
.../572,Document #572,572,document-572
.../573,Document #573,573,document-573
.../574,Document #574,574,document-574
.../575,Document #575,575,document-575
.../576,Document #576,576,document-576
.../577,Document #577,577,document-577
.../578,Document #578,578,document-578
.../579,Document #579,579,document-579
.../580,Document #580,580,document-580
.../581,Document #581,581,document-581
.../582,Document #582,582,document-582
.../583,Document #583,583,document-583
.../584,Document #584,584,document-584
.../585,Document #585,585,document-585
.../586,Document #586,586,document-586
.../587,Document #587,587,document-587
.../588,Document #588,588,document-588
.../589,Document #589,589,document-589
.../590,Document #590,590,document-590
.../591,Document #591,591,document-591
.../592,Document #592,592,document-592
.../593,Document #593,593,document-593
.../594,Document #594,594,document-594
.../595,Document #595,595,document-595
.../596,Document #596,596,document-596
.../597,Document #597,597,document-597
.../598,Document #598,598,document-598
.../599,Document #599,599,document-599
.../600,Document #600,600,document-600
.../601,Document #601,601,document-601
.../602,Document #602,602,document-602
.../603,Document #603,603,document-603
.../604,Document #604,604,document-604
.../605,Document #605,605,document-605
.../606,Document #606,606,document-606
.../607,Document #607,607,document-607
.../608,Document #608,608,document-608
.../609,Document #609,609,document-609
.../610,Document #610,610,document-610
.../611,Document #611,611,document-611
.../612,Document #612,612,document-612
.../613,Document #613,613,document-613
.../614,Document #614,614,document-614
.../615,Document #615,615,document-615
.../616,Document #616,616,document-616
.../617,Document #617,617,document-617
.../618,Document #618,618,document-618
.../619,Document #619,619,document-619
.../620,Document #620,620,document-620
.../621,Document #621,621,document-621
.../622,Document #622,622,document-622
.../623,Document #623,623,document-623
.../624,Document #624,624,document-624
.../625,Document #625,625,document-625
.../626,Document #626,626,document-626
.../627,Document #627,627,document-627
.../628,Document #628,628,document-628
.../629,Document #629,629,document-629
.../630,Document #630,630,document-630
.../631,Document #631,631,document-631
.../632,Document #632,632,document-632
.../633,Document #633,633,document-633
.../634,Document #634,634,document-634
.../635,Document #635,635,document-635
.../636,Document #636,636,document-636
.../637,Document #637,637,document-637
.../638,Document #638,638,document-638
.../639,Document #639,639,document-639
.../640,Document #640,640,document-640
.../641,Document #641,641,document-641
.../642,Document #642,642,document-642
.../643,Document #643,643,document-643
.../644,Document #644,644,document-644
.../645,Document #645,645,document-645
.../646,Document #646,646,document-646
.../647,Document #647,647,document-647
.../648,Document #648,648,document-648
.../649,Document #649,649,document-649
.../650,Document #650,650,document-650
.../651,Document #651,651,document-651
.../652,Document #652,652,document-652
.../653,Document #653,653,document-653
.../654,Document #654,654,document-654
.../655,Document #655,655,document-655
.../656,Document #656,656,document-656
.../657,Document #657,657,document-657
.../658,Document #658,658,document-658
.../659,Document #659,659,document-659
.../660,Document #660,660,document-660
.../661,Document #661,661,document-661
.../662,Document #662,662,document-662
.../663,Document #663,663,document-663
.../664,Document #664,664,document-664
.../665,Document #665,665,document-665
.../666,Document #666,666,document-666
.../667,Document #667,667,document-667
.../668,Document #668,668,document-668
.../669,Document #669,669,document-669
.../670,Document #670,670,document-670
.../671,Document #671,671,document-671
.../672,Document #672,672,document-672
.../673,Document #673,673,document-673
.../674,Document #674,674,document-674
.../675,Document #675,675,document-675
.../676,Document #676,676,document-676
.../677,Document #677,677,document-677
.../678,Document #678,678,document-678
.../679,Document #679,679,document-679
.../680,Document #680,680,document-680
.../681,Document #681,681,document-681
.../682,Document #682,682,document-682
.../683,Document #683,683,document-683
.../684,Document #684,684,document-684
.../685,Document #685,685,document-685
.../686,Document #686,686,document-686
.../687,Document #687,687,document-687
.../688,Document #688,688,document-688
.../689,Document #689,689,document-689
.../690,Document #690,690,document-690
.../691,Document #691,691,document-691
.../692,Document #692,692,document-692
.../693,Document #693,693,document-693
.../694,Document #694,694,document-694
.../695,Document #695,695,document-695
.../696,Document #696,696,document-696
.../697,Document #697,697,document-697
.../698,Document #698,698,document-698
.../699,Document #699,699,document-699
.../700,Document #700,700,document-700
.../701,Document #701,701,document-701
.../702,Document #702,702,document-702
.../703,Document #703,703,document-703
.../704,Document #704,704,document-704
.../705,Document #705,705,document-705
.../706,Document #706,706,document-706
.../707,Document #707,707,document-707
.../708,Document #708,708,document-708
.../709,Document #709,709,document-709
.../710,Document #710,710,document-710
.../711,Document #711,711,document-711
.../712,Document #712,712,document-712
.../713,Document #713,713,document-713
.../714,Document #714,714,document-714
.../715,Document #715,715,document-715
.../716,Document #716,716,document-716
.../717,Document #717,717,document-717
.../718,Document #718,718,document-718
.../719,Document #719,719,document-719
.../720,Document #720,720,document-720
.../721,Document #721,721,document-721
.../722,Document #722,722,document-722
.../723,Document #723,723,document-723
.../724,Document #724,724,document-724
.../725,Document #725,725,document-725
.../726,Document #726,726,document-726
.../727,Document #727,727,document-727
.../728,Document #728,728,document-728
.../729,Document #729,729,document-729
.../730,Document #730,730,document-730
.../731,Document #731,731,document-731
.../732,Document #732,732,document-732
.../733,Document #733,733,document-733
.../734,Document #734,734,document-734
.../735,Document #735,735,document-735
.../736,Document #736,736,document-736
.../737,Document #737,737,document-737
.../738,Document #738,738,document-738
.../739,Document #739,739,document-739
.../740,Document #740,740,document-740
.../741,Document #741,741,document-741
.../742,Document #742,742,document-742
.../743,Document #743,743,document-743
.../744,Document #744,744,document-744
.../745,Document #745,745,document-745
.../746,Document #746,746,document-746
.../747,Document #747,747,document-747
.../748,Document #748,748,document-748
.../749,Document #749,749,document-749
.../750,Document #750,750,document-750
.../751,Document #751,751,document-751
.../752,Document #752,752,document-752
.../753,Document #753,753,document-753
.../754,Document #754,754,document-754
.../755,Document #755,755,document-755
.../756,Document #756,756,document-756
.../757,Document #757,757,document-757
.../758,Document #758,758,document-758
.../759,Document #759,759,document-759
.../760,Document #760,760,document-760
.../761,Document #761,761,document-761
.../762,Document #762,762,document-762
.../763,Document #763,763,document-763
.../764,Document #764,764,document-764
.../765,Document #765,765,document-765
.../766,Document #766,766,document-766
.../767,Document #767,767,document-767
.../768,Document #768,768,document-768
.../769,Document #769,769,document-769
.../770,Document #770,770,document-770
.../771,Document #771,771,document-771
.../772,Document #772,772,document-772
.../773,Document #773,773,document-773
.../774,Document #774,774,document-774
.../775,Document #775,775,document-775
.../776,Document #776,776,document-776
.../777,Document #777,777,document-777
.../778,Document #778,778,document-778
.../779,Document #779,779,document-779
.../780,Document #780,780,document-780
.../781,Document #781,781,document-781
.../782,Document #782,782,document-782
.../783,Document #783,783,document-783
.../784,Document #784,784,document-784
.../785,Document #785,785,document-785
.../786,Document #786,786,document-786
.../787,Document #787,787,document-787
.../788,Document #788,788,document-788
.../789,Document #789,789,document-789
.../790,Document #790,790,document-790
.../791,Document #791,791,document-791
.../792,Document #792,792,document-792
.../793,Document #793,793,document-793
.../794,Document #794,794,document-794
.../795,Document #795,795,document-795
.../796,Document #796,796,document-796
.../797,Document #797,797,document-797
.../798,Document #798,798,document-798
.../799,Document #799,799,document-799
.../800,Document #800,800,document-800
.../801,Document #801,801,document-801
.../802,Document #802,802,document-802
.../803,Document #803,803,document-803
.../804,Document #804,804,document-804
.../805,Document #805,805,document-805
.../806,Document #806,806,document-806
.../807,Document #807,807,document-807
.../808,Document #808,808,document-808
.../809,Document #809,809,document-809
.../810,Document #810,810,document-810
.../811,Document #811,811,document-811
.../812,Document #812,812,document-812
.../813,Document #813,813,document-813
.../814,Document #814,814,document-814
.../815,Document #815,815,document-815
.../816,Document #816,816,document-816
.../817,Document #817,817,document-817
.../818,Document #818,818,document-818
.../819,Document #819,819,document-819
.../820,Document #820,820,document-820
.../821,Document #821,821,document-821
.../822,Document #822,822,document-822
.../823,Document #823,823,document-823
.../824,Document #824,824,document-824
.../825,Document #825,825,document-825
.../826,Document #826,826,document-826
.../827,Document #827,827,document-827
.../828,Document #828,828,document-828
.../829,Document #829,829,document-829
.../830,Document #830,830,document-830
.../831,Document #831,831,document-831
.../832,Document #832,832,document-832
.../833,Document #833,833,document-833
.../834,Document #834,834,document-834
.../835,Document #835,835,document-835
.../836,Document #836,836,document-836
.../837,Document #837,837,document-837
.../838,Document #838,838,document-838
.../839,Document #839,839,document-839
.../840,Document #840,840,document-840
.../841,Document #841,841,document-841
.../842,Document #842,842,document-842
.../843,Document #843,843,document-843
.../844,Document #844,844,document-844
.../845,Document #845,845,document-845
.../846,Document #846,846,document-846
.../847,Document #847,847,document-847
.../848,Document #848,848,document-848
.../849,Document #849,849,document-849
.../850,Document #850,850,document-850
.../851,Document #851,851,document-851
.../852,Document #852,852,document-852
.../853,Document #853,853,document-853
.../854,Document #854,854,document-854
.../855,Document #855,855,document-855
.../856,Document #856,856,document-856
.../857,Document #857,857,document-857
.../858,Document #858,858,document-858
.../859,Document #859,859,document-859
.../860,Document #860,860,document-860
.../861,Document #861,861,document-861
.../862,Document #862,862,document-862
.../863,Document #863,863,document-863
.../864,Document #864,864,document-864
.../865,Document #865,865,document-865
.../866,Document #866,866,document-866
.../867,Document #867,867,document-867
.../868,Document #868,868,document-868
.../869,Document #869,869,document-869
.../870,Document #870,870,document-870
.../871,Document #871,871,document-871
.../872,Document #872,872,document-872
.../873,Document #873,873,document-873
.../874,Document #874,874,document-874
.../875,Document #875,875,document-875
.../876,Document #876,876,document-876
.../877,Document #877,877,document-877
.../878,Document #878,878,document-878
.../879,Document #879,879,document-879
.../880,Document #880,880,document-880
.../881,Document #881,881,document-881
.../882,Document #882,882,document-882
.../883,Document #883,883,document-883
.../884,Document #884,884,document-884
.../885,Document #885,885,document-885
.../886,Document #886,886,document-886
.../887,Document #887,887,document-887
.../888,Document #888,888,document-888
.../889,Document #889,889,document-889
.../890,Document #890,890,document-890
.../891,Document #891,891,document-891
.../892,Document #892,892,document-892
.../893,Document #893,893,document-893
.../894,Document #894,894,document-894
.../895,Document #895,895,document-895
.../896,Document #896,896,document-896
.../897,Document #897,897,document-897
.../898,Document #898,898,document-898
.../899,Document #899,899,document-899
.../900,Document #900,900,document-900
.../901,Document #901,901,document-901
.../902,Document #902,902,document-902
.../903,Document #903,903,document-903
.../904,Document #904,904,document-904
.../905,Document #905,905,document-905
.../906,Document #906,906,document-906
.../907,Document #907,907,document-907
.../908,Document #908,908,document-908
.../909,Document #909,909,document-909
.../910,Document #910,910,document-910
.../911,Document #911,911,document-911
.../912,Document #912,912,document-912
.../913,Document #913,913,document-913
.../914,Document #914,914,document-914
.../915,Document #915,915,document-915
.../916,Document #916,916,document-916
.../917,Document #917,917,document-917
.../918,Document #918,918,document-918
.../919,Document #919,919,document-919
.../920,Document #920,920,document-920
.../921,Document #921,921,document-921
.../922,Document #922,922,document-922
.../923,Document #923,923,document-923
.../924,Document #924,924,document-924
.../925,Document #925,925,document-925
.../926,Document #926,926,document-926
.../927,Document #927,927,document-927
.../928,Document #928,928,document-928
.../929,Document #929,929,document-929
.../930,Document #930,930,document-930
.../931,Document #931,931,document-931
.../932,Document #932,932,document-932
.../933,Document #933,933,document-933
.../934,Document #934,934,document-934
.../935,Document #935,935,document-935
.../936,Document #936,936,document-936
.../937,Document #937,937,document-937
.../938,Document #938,938,document-938
.../939,Document #939,939,document-939
.../940,Document #940,940,document-940
.../941,Document #941,941,document-941
.../942,Document #942,942,document-942
.../943,Document #943,943,document-943
.../944,Document #944,944,document-944
.../945,Document #945,945,document-945
.../946,Document #946,946,document-946
.../947,Document #947,947,document-947
.../948,Document #948,948,document-948
.../949,Document #949,949,document-949
.../950,Document #950,950,document-950
.../951,Document #951,951,document-951
.../952,Document #952,952,document-952
.../953,Document #953,953,document-953
.../954,Document #954,954,document-954
.../955,Document #955,955,document-955
.../956,Document #956,956,document-956
.../957,Document #957,957,document-957
.../958,Document #958,958,document-958
.../959,Document #959,959,document-959
.../960,Document #960,960,document-960
.../961,Document #961,961,document-961
.../962,Document #962,962,document-962
.../963,Document #963,963,document-963
.../964,Document #964,964,document-964
.../965,Document #965,965,document-965
.../966,Document #966,966,document-966
.../967,Document #967,967,document-967
.../968,Document #968,968,document-968
.../969,Document #969,969,document-969
.../970,Document #970,970,document-970
.../971,Document #971,971,document-971
.../972,Document #972,972,document-972
.../973,Document #973,973,document-973
.../974,Document #974,974,document-974
.../975,Document #975,975,document-975
.../976,Document #976,976,document-976
.../977,Document #977,977,document-977
.../978,Document #978,978,document-978
.../979,Document #979,979,document-979
.../980,Document #980,980,document-980
.../981,Document #981,981,document-981
.../982,Document #982,982,document-982
.../983,Document #983,983,document-983
.../984,Document #984,984,document-984
.../985,Document #985,985,document-985
.../986,Document #986,986,document-986
.../987,Document #987,987,document-987
.../988,Document #988,988,document-988
.../989,Document #989,989,document-989
.../990,Document #990,990,document-990
.../991,Document #991,991,document-991
.../992,Document #992,992,document-992
.../993,Document #993,993,document-993
.../994,Document #994,994,document-994
.../995,Document #995,995,document-995
.../996,Document #996,996,document-996
.../997,Document #997,997,document-997
.../998,Document #998,998,document-998
.../999,Document #999,999,document-999
.../1000,Document #1000,1000,document-1000
.../1001,Document #1001,1001,document-1001
.../1002,Document #1002,1002,document-1002
.../1003,Document #1003,1003,document-1003
.../1004,Document #1004,1004,document-1004
.../1005,Document #1005,1005,document-1005
.../1006,Document #1006,1006,document-1006
.../1007,Document #1007,1007,document-1007
.../1008,Document #1008,1008,document-1008
.../1009,Document #1009,1009,document-1009
.../1010,Document #1010,1010,document-1010
.../1011,Document #1011,1011,document-1011
.../1012,Document #1012,1012,document-1012
.../1013,Document #1013,1013,document-1013
.../1014,Document #1014,1014,document-1014
.../1015,Document #1015,1015,document-1015
.../1016,Document #1016,1016,document-1016
.../1017,Document #1017,1017,document-1017
.../1018,Document #1018,1018,document-1018
.../1019,Document #1019,1019,document-1019
.../1020,Document #1020,1020,document-1020
.../1021,Document #1021,1021,document-1021
.../1022,Document #1022,1022,document-1022
.../1023,Document #1023,1023,document-1023
.../1024,Document #1024,1024,document-1024
.../1025,Document #1025,1025,document-1025
.../1026,Document #1026,1026,document-1026
.../1027,Document #1027,1027,document-1027
.../1028,Document #1028,1028,document-1028
.../1029,Document #1029,1029,document-1029
.../1030,Document #1030,1030,document-1030
.../1031,Document #1031,1031,document-1031
.../1032,Document #1032,1032,document-1032
.../1033,Document #1033,1033,document-1033
.../1034,Document #1034,1034,document-1034
.../1035,Document #1035,1035,document-1035
.../1036,Document #1036,1036,document-1036
.../1037,Document #1037,1037,document-1037
.../1038,Document #1038,1038,document-1038
.../1039,Document #1039,1039,document-1039
.../1040,Document #1040,1040,document-1040
.../1041,Document #1041,1041,document-1041
.../1042,Document #1042,1042,document-1042
.../1043,Document #1043,1043,document-1043
.../1044,Document #1044,1044,document-1044
.../1045,Document #1045,1045,document-1045
.../1046,Document #1046,1046,document-1046
.../1047,Document #1047,1047,document-1047
.../1048,Document #1048,1048,document-1048
.../1049,Document #1049,1049,document-1049
.../1050,Document #1050,1050,document-1050
.../1051,Document #1051,1051,document-1051
.../1052,Document #1052,1052,document-1052
.../1053,Document #1053,1053,document-1053
.../1054,Document #1054,1054,document-1054
.../1055,Document #1055,1055,document-1055
.../1056,Document #1056,1056,document-1056
.../1057,Document #1057,1057,document-1057
.../1058,Document #1058,1058,document-1058
.../1059,Document #1059,1059,document-1059
.../1060,Document #1060,1060,document-1060
